id,value,tweet,type,account_type
SrBachchan,64352,T 3045 - Kadar Khan passes away .. sad depressing news .. my prayers and condolences .. a brilliant stage artist aâ€¦ https://t.co/xotOVRxvCp,0,0
SrBachchan,61267,"T 3052 - 
 à¤¬à¤¡à¤¼à¥‡ à¤¦à¤¿à¤¨à¥‹à¤‚ à¤•à¥‡ à¤¬à¤¾à¤¦ à¤—à¤¾à¤à¤µ à¤•à¥€ à¤–à¤Ÿà¤¿à¤¯à¤¾ à¤•à¤¾ à¤†à¤¨à¤‚à¤¦ à¤²à¥‚à¤Ÿà¤¾ ; à¤”à¤° à¤¬à¥ˆà¤² à¤—à¤¾à¤¡à¤¼à¥€ à¤•à¥€ à¤¸à¤µà¤¾à¤°à¥€ à¤•à¤¾ https://t.co/GD6RcUxzuf",0,0
SrBachchan,59967,"T 3054 - 
Just look at the efficacy of the Hindi language:

(In English)

I am sorry, I can not hear you properly,â€¦ https://t.co/TqWpNTgr4y",0,0
SrBachchan,41127,T 3071 -' à¤ªà¤¹à¤²à¥‡ 14 Rs à¤•à¥‡ à¤¬à¥‰à¤² à¤•à¥‡ à¤²à¤¿à¤ 24 à¤¦à¥‹à¤¸à¥à¤¤ à¤®à¤¿à¤²à¤•à¤° à¤ªà¥ˆà¤¸à¥‡ à¤‡à¤•à¤Ÿà¥à¤ à¥‡ à¤•à¤°à¤¤à¥‡ à¤¥à¥‡ .. à¤†à¤œ à¤¬à¥‰à¤² à¤¤à¥‹ à¤•à¥‹à¤ˆ à¤…à¤•à¥‡à¤²à¤¾ à¤­à¥€ à¤²à¤¾ à¤¸à¤•à¤¤à¤¾ à¤¹à¥ˆà¤‚ à¤ªà¤° 24â€¦ https://t.co/9u4XKalsRX,0,0
SrBachchan,35519,"T 3064 - à¤˜à¤‚à¤Ÿà¥‹à¤‚ à¤‡à¤‚à¤¤à¤œà¤¼à¤¾à¤° à¤•à¤¿à¤¯à¤¾ à¤®à¥‡à¤°à¤¾ ; à¤§à¥‚à¤ª à¤®à¥‡à¤‚ à¤¤à¤¾à¤ª à¤®à¥‡à¤‚ ; à¤†à¤­à¤¾à¤° à¤®à¥‡à¤°à¤¾  à¥¤ à¤œà¥‹ à¥§à¥¯à¥®à¥¨,1982 à¤¸à¥‡ à¤šà¤²à¤¾ à¤† à¤°à¤¹à¤¾ à¤¹à¥ˆ , à¤‰à¤¸à¤•à¤¾ à¤ªà¤¾à¤²à¤¨ à¤•à¤¿à¤¯à¤¾ à¤”à¤°â€¦ https://t.co/PLcPGz6Bru",0,0
Twitter,175936,Hahahahahahahaha,0,1
Twitter,138370,Go to sleep,0,1
Twitter,115630,ğŸ£,0,1
Twitter,77778,You got this,0,1
Twitter,74782,ğŸ,0,1
narendramodi,79043,"Happy Republic Day to all fellow Indians. 

à¤¸à¤­à¥€ à¤¦à¥‡à¤¶à¤µà¤¾à¤¸à¤¿à¤¯à¥‹à¤‚ à¤•à¥‹ #à¤—à¤£à¤¤à¤‚à¤¤à¥à¤°à¤¦à¤¿à¤µà¤¸ à¤•à¥€ à¤¶à¥à¤­à¤•à¤¾à¤®à¤¨à¤¾à¤à¤‚à¥¤

à¤œà¤¯ à¤¹à¤¿à¤¨à¥à¤¦!",0,0
narendramodi,74990,"Wishing everyone a joyous 2019!

May everyone be happy and healthy. I pray that all your wishes are fulfilled in 2019.",0,0
narendramodi,63228,"A historic cricketing accomplishment in Australia! 

Congratulations to the Indian Cricket Team for the hard-foughtâ€¦ https://t.co/5QV9aQTA9x",0,0
narendramodi,53434,"Pranab Da is an outstanding statesman of our times. 

He has served the nation selflessly and tirelessly for decadeâ€¦ https://t.co/RLrlQLyIGj",0,0
narendramodi,51630,"Not losers but Rockstars! 

No selfie Jab We Met but there will always be another occasion. :) https://t.co/1Ud7D5jIvd",0,0
Harry_Styles,609917,2019. Happy New Year everyone. Love and happiness to you. H,0,0
selenagomez,104246,ğŸ™ğŸ¼ https://t.co/0Xnby69tP0,0,0
BrunoMars,27449,Justice for #JazmineBarnes and her family. https://t.co/nlnso16xz6,0,0
BrunoMars,18515,Sending love to you all! Thank you! https://t.co/Q1zDzXlZjS,0,0
BrunoMars,17654,"My boys continue to show the world what time it is, and a band that sings together blings together! âœ¨âœ¨ #AudeMARSâ€¦ https://t.co/BxkKjGjW7r",0,0
BrunoMars,13811,Step into 2019 like ğŸ˜ ğŸ¾ Congrats @gucci1017 and @KodakBlack1k Thank you all! #WakeUpInTheSky https://t.co/1Ozm3Tp2mj,0,0
BrunoMars,2836,@MissyElliott ğŸ‘‘ Go Missy!,0,0
JLo,30914,#10yearchallange #challengeacceptedâ™¥ï¸ https://t.co/ABcuYNZe8e,0,0
JLo,18072,"Day 9 and feelinâ€™... like I canâ€™t wait for Day 10. ğŸ˜…

Whoâ€™s still with us? @arod

#10DayChallenge #NoSugarNoCarbsâ€¦ https://t.co/wg94AVhWV2",0,0
JLo,16480,Soarâ™¥ï¸ https://t.co/ZtTN46GM5m,0,0
JLo,14509,Whoâ€™s joining me and @AROD on our 10-day #NoCarbsNoSugar challenge? â˜ºï¸ https://t.co/n1PAUbK6Sk,0,0
JLo,13387,Itâ€™s Friday...YOU KNOW WHAT TO DO ğŸ’¥ #jloxniyamasol https://t.co/aRmStldG0i,0,0
ladygaga,342741,ğŸ¾ https://t.co/Q6acdQrhaf,0,0
ladygaga,278102,I stand by anyone who has ever been the victim of sexual assault: https://t.co/67sz4WpV3i,0,0
ladygaga,213070,"Goodbye, my angel ğŸ’” https://t.co/KnWlt2ryuC",0,0
ladygaga,136506,"I am so beyond grateful for this Golden Globe &amp; honored to have won it w/ @MarkRonson @Wyattish , Anthony Rossomandâ€¦ https://t.co/NtNJsn4MaC",0,0
ladygaga,85441,"Thank you so much to the National Board of Review! â¤ï¸ It was an honor, Iâ€™m so humbled to win best actress! ğŸŒŸğŸŒŸğŸŒŸğŸŒŸğŸŒŸğŸŒŸğŸŒŸğŸŒŸâ€¦ https://t.co/72GfGmnncJ",0,0
MileyCyrus,596135,https://t.co/ghTRGfo6MQ,0,0
MileyCyrus,423680,HBD 2 Da Hubz https://t.co/ijANCWnX2H,0,0
MileyCyrus,244574,"Same Shit , New Year https://t.co/xq2yvnNcCa",0,0
MileyCyrus,239547,Date night â¤ï¸ Mama is OUT and sheâ€™s ready to party with the MR. https://t.co/ZQy5rOVF5S,0,0
MileyCyrus,197112,https://t.co/cvvjnorXsd,0,0
justinbieber,504586,Happy new year,0,0
justinbieber,63149,Love this https://t.co/gyxvPC53Wq,0,0
realmadrid,22498,"#10YearChallenge
@SergioRamos ğŸ™Œ @MarceloM12 https://t.co/N8iAJXU4Sh",0,1
realmadrid,19039,"ğŸ‡¨ğŸ‡· @NavasKeylor en el @RealMadrid:
ğŸš© 150 partidos
ğŸ‘Š 107 victorias
ğŸ’« 3 Champions League
ğŸŒ 4 Mundiales de Clubes
âœ¨ 3â€¦ https://t.co/zfgnXNzeu1",0,1
realmadrid,18556,ğŸ‚ğŸ‰ğŸ Â¡MUCHÃSIMAS FELICIDADES a @DaniCarvajal92 quien hoy cumple 27 aÃ±os! #HalaMadrid https://t.co/RJzZwpPc2u,0,1
realmadrid,16414,"ğŸ…ğŸ‘ @NavasKeylor | Portero del AÃ±o de la Concacaf
ğŸ‘Â Â¡Enhorabuena! https://t.co/QX0nhyvRhd",0,1
realmadrid,14199,ğŸ‚ğŸ‰ğŸ Â¡MUCHÃSIMAS FELICIDADES a @nachofi1990 quien hoy cumple 29 aÃ±os! #HalaMadrid https://t.co/otzJZFCoH3,0,1
Cristiano,283681,â¤ï¸â¤ï¸â¤ï¸â¤ï¸â¤ï¸ https://t.co/CmnQeswHlh,0,0
Cristiano,266100,ğŸ˜€ğŸ›«ğŸ‘ https://t.co/zC80kfMES8,0,0
Cristiano,242314,Estilo ğŸ‘Œ https://t.co/Ag11kpb0kY,0,0
Cristiano,238276,Contente pelo meu 1 trofÃ©u pela  Juventus!! Trabalho feito!!! ğŸ‰ğŸ”ğŸ† https://t.co/9OiqlmiKdD,0,0
Cristiano,235484,Felicidades a la mujer mÃ¡s maravillosa que Dios pudo poner en mi camino â¤ https://t.co/suqPCu6sgi,0,0
shakira,16139,Con profundo dolor acompaÃ±o a los familiares de las vÃ­ctimas del atentado de ayer a la escuela de cadetes. EstÃ¡n enâ€¦ https://t.co/saA6j136yk,0,0
shakira,13963,Gerardo estoy pensando en ti y donde sea que estÃ©s te recuerdo. Shak https://t.co/HzqDXQm2lC,0,0
shakira,10513,Break is over! Training with @TheAnnaKaiser! El descanso terminÃ³! Entrenando con Anna Kaiser y @theaktstudios! Shak https://t.co/B2p7kGUZnJ,0,0
shakira,5332,Hips Donâ€™t Lie ft @Wyclef just hit 400m plays on @Spotify! Hips Donâ€™t Lie ya tiene mÃ¡s de 400 millones de reproduccâ€¦ https://t.co/lUiNEq8kgs,0,0
shakira,5249,"~ Shak has been nominated for Latin Song of the Year at the 2019 #iHeartAwards, for Clandestino with @maluma! 
~ Shâ€¦ https://t.co/PPO6rwLf7x",0,0
katyperry,34251,favorite this tweet if youâ€™re constantly overwhelmed/annoyed by the pressure to post on social media or RT if live laugh love it,0,0
katyperry,32206,Carole Burnett is my hero â¤ï¸,0,0
katyperry,27999,Neuroplasticity is the new plastic surgery,0,0
katyperry,17530,happiest 2019 from us â¤ï¸ @ Kauai https://t.co/r0WJaSJDdU,0,0
katyperry,14634,â™ ï¸â™¥ï¸ happiest 42nd birthday to the kindest and cutest man Iâ€™ve had the pleasure of spending time with â™¥ï¸â™ ï¸ https://t.co/r0mGMoVEnV,0,0
BeingSalmanKhan,67889,Bharat Khelega... #onlocationstories @Bharat_TheFilm https://t.co/PQfPPT7FwA,0,0
BeingSalmanKhan,66682,"Roz karte ho toh karo... magar trainer ke bina matt try karo... 
#TMM2019 #BeBetter @TataMumMarathon @RadioMirchiâ€¦ https://t.co/4cVMZszma0",0,0
BeingSalmanKhan,62914,"#Bharat wishes every one a happy Republic Day... Jai Hind..
@Bharat_TheFilm https://t.co/Zr0bZojQKb",0,0
BeingSalmanKhan,52573,"Paanch Saal ho Gaye jai ho ko. Thank u bhi bolo n Help 3 people n ask them to help 3 more. Jai jawaan, jai kisaan jâ€¦ https://t.co/wmiv6yZt2l",0,0
BeingSalmanKhan,44491,"Bas #5MinuteAur - havenâ€™t v all asked for it - in playgrounds, exam halls ke in the phone? 

Letâ€™s be the voice ofâ€¦ https://t.co/AJDz0whBCu",0,0
YouTube,278662,"Years of blood, sweat, and tears have led to this -- and @bts_twt is just getting started.  

#BurnTheStageTheMovieâ€¦ https://t.co/qOL6MHvgB4",0,1
YouTube,118511,"Itâ€™s official -- #BurnTheStageTheMovie is coming to YouTube Premium! ğŸ’œğŸ’œğŸ’œ

Join @bts_twt on their journey this Fridaâ€¦ https://t.co/fcdXJlxXht",0,1
YouTube,44001,"With their family of friends and each other for support, @bts_twt never walks alone on their way to the top. ğŸ’œ 

Weâ€¦ https://t.co/Ei2J5QQdC8",0,1
YouTube,28069,"People asked us what YouTube would look like if Article 13 gets implemented in the wrong way. 

So we mocked this uâ€¦ https://t.co/rAcbKdbNTN",0,1
YouTube,9731,Reposting this baby meerkat video because it's Friday and you deserve it: https://t.co/J7H4GGEsZE. https://t.co/4eR8JHU967,0,1
Oprah,6389,"â€œWhen it's over, I want to say all my life I was a bride married to amazement.â€ Mary Oliver
 Iâ€™ve been soothed, comâ€¦ https://t.co/JDItrswnIE",0,0
Oprah,6331,So proud of my daughter-girls from my Academy in South Africa. Thank you @People for sharing their journeys. https://t.co/GVgJlTZzKj,0,0
Oprah,5516,@TheEllenShow just watched RELATABLE with our whole household. Lots of laughing out loud over here!!ğŸ˜‚ğŸ˜‚ Bravo my friendğŸ‘ğŸ½ğŸ‘ğŸ½ğŸ‘ğŸ½,0,0
Oprah,4154,We just launched The OG Chronicles for @OprahMagazine today. I will never look at Saran Wrap the same because of Gaâ€¦ https://t.co/EGWr5PBFEF,0,0
Oprah,1926,Such a great episode. @IyanlaVanzant. Bravo for clarifying how infectious a lie can be.  #FixMyLife,0,0
Pink,30308,ROCK N ROLL!!!!!! SOOOOOOO GOOOD I MISS THIS https://t.co/qZ2EJ0it7x,0,0
Pink,26329,https://t.co/2ZUBD8DLv3,0,0
Pink,8983,Well I certainly vote for willow. https://t.co/V8DSBlxomb,0,0
Pink,2518,Holy hoarse Batman https://t.co/LyduLJqXAC,0,0
TheEllenShow,135520,4â€¦ 3â€¦ 2â€¦ ONE! HAPPY NEW YEAR! Close enough. Iâ€™m going to bed. See you in 2019.,0,0
TheEllenShow,82669,I believe in forgiveness. I believe in second chances. And I believe in @KevinHart4real. https://t.co/oJxfGXhU4P,0,0
TheEllenShow,64635,Thank you for all of my wonderful birthday posts and messages. You made me very happy. â¤ï¸,0,0
TheEllenShow,55013,"Happy birthday, Bradley Cooper. I thought about you all winter break while I was in the pool... in the shalalalalalallows.",0,0
TheEllenShow,51738,Itâ€™s been a year since the mudslides in Montecito. Itâ€™s been a year since my dad died. Iâ€™m putting a little extra lâ€¦ https://t.co/4wpqfZP9aP,0,0
KevinHart4real,35986,I don't want to send everyone into a panic...But I just measured myself and it said 5 foot 6....ya boy is still growing!!!!! ğŸ•ºğŸ¾ğŸ•ºğŸ¾ğŸ•ºğŸ¾ğŸ•ºğŸ¾,0,0
KevinHart4real,15604,I stand with a man in his time of hurt and need by giving him heart felt support and u take the time to harp on myâ€¦ https://t.co/G1ushoXfq3,0,0
KevinHart4real,13447,Sending prayers your way @jussiesmollett ....This is unbelievably sad. Why are we going backwards....this is disgusâ€¦ https://t.co/cZSe2n9FTk,0,0
KevinHart4real,12854,"When did we get to the point where we forgot that we all learn, then we all have the ability to grow and with thatâ€¦ https://t.co/4cigvRMS9E",0,0
KevinHart4real,11693,"This honestly might be my biggest box office accomplishment of my career. There is always a ""Upside"" to Everything.â€¦ https://t.co/n1x87Oy0ik",0,0
BBCBreaking,16308,UK PM Theresa May loses MPsâ€™ #BrexitVote on her deal by 432 votes to 202 - the biggest government defeat since 1924â€¦ https://t.co/cCjqtLlpMc,0,1
BBCBreaking,6551,"Signals from Nasa probe confirm it survived flyby of Ultima Thule, most distant object ever explored in Solar System https://t.co/yh81HtPOsG",0,1
BBCBreaking,6281,"Saudi teenager Rahaf al-Qunun, who fled her family and got stranded in Bangkok, has arrived in Canada after being gâ€¦ https://t.co/uGiJi5P4VT",0,1
BBCBreaking,4045,"A Saudi woman who fled her family and refused to leave a Bangkok hotel given refugee status by UN, Australia says https://t.co/8mHejj4XL4",0,1
BBCBreaking,3561,Theresa May's government survives a no confidence vote by 325 to 306 - but has yet to get MPs to back a Brexit planâ€¦ https://t.co/t6NVoClWyF,0,1
aliciakeys,13792,BIG news.... ğŸ”¥ğŸ”¥ğŸ”¥ @CBS https://t.co/tMBjNFH2wj https://t.co/QwrOWdejlt,0,0
aliciakeys,11746,What in the world was I thinking?? ğŸ¤”ğŸ¤” https://t.co/PAvPc6fLUo,0,0
aliciakeys,7629,"Total and complete freedom and fearlessness âœ¨âœ¨âœ¨âœ¨âœ¨
#birthday #rebirth #intentions 
My wish for all of usğŸ’œğŸŒˆğŸ’œ https://t.co/67rOkCJIwv",0,0
aliciakeys,7342,Iâ€™ve been talking a lot about the power of words lately. I believe that the words we use shape the direction of ourâ€¦ https://t.co/X7RQWUCaqI,0,0
aliciakeys,7145,No human deserves to be attacked &amp; mistreated for BEING WHO THEY ARE. What happened yesterday is unacceptable! Prayâ€¦ https://t.co/KDtouRocF8,0,0
CNN,30690,"BTS' V just dropped a new solo single titled ""Scenery."" The K-pop artist, whose real name is Kim Taehyung, self-comâ€¦ https://t.co/DBmTyowfU7",0,1
CNN,27558,A Democrat and Republican have proposed a bill that would make animal cruelty a federal felonyâ€¦ https://t.co/paQRamsp36,0,1
CNN,12643,"This weekend, Canadian air traffic controllers ordered hundreds of pizzas for their American counterparts working wâ€¦ https://t.co/U2vcZ5J9em",0,1
CNN,11271,"Before being sworn in as House speaker, Nancy Pelosi called up her grandchildren, as well as any other children whoâ€¦ https://t.co/4RA9YnNHZN",0,1
CNN,11019,"Jayme Closs rescued herself. Should she get the $50,000 reward money? https://t.co/FqObVVlBzk https://t.co/GohL6l9B2V",0,1
Louis_Tomlinson,162261,But underneath my skin there's a fire within,0,0
Louis_Tomlinson,87632,Confidence -@oceanalleyau . Banger!,0,0
Louis_Tomlinson,27370,"@lwtwasabi Get the single out , get the album out , get on tour! Got to reward you lot for your patience!",0,0
Louis_Tomlinson,25290,@irwinvisuals Honest,0,0
Louis_Tomlinson,24024,@proudofmatterry Loyal,0,0
nytimes,19483,"Video showing a group of high school boys, many wearing ""Make America Great Again"" gear, surrounding and jeering aâ€¦ https://t.co/2obS3Q5r0n",0,1
nytimes,14993,"Breaking News: Kamala Harris said she would run for president. A barrier-breaking California senator, sheâ€™s one ofâ€¦ https://t.co/3mRIgwEfOE",0,1
nytimes,12998,A Catholic high school is condemning the actions of students seen jeering a Native American elder in a video that hâ€¦ https://t.co/zH4GQYGYwZ,0,1
nytimes,10577,"Donald Trump and his associates had more than 100 contacts with Russians and WikiLeaks before the inauguration, a Tâ€¦ https://t.co/5d6LqHOGyQ",0,1
nytimes,9888,"BREAKING: JuliÃ¡n Castro, the former housing secretary under President Obama, will run for president in 2020. He's oâ€¦ https://t.co/yyQcZzD5bz",0,1
BarackObama,1413869,"I knew it way back then and Iâ€™m absolutely convinced of it today â€” youâ€™re one of a kind, @MichelleObama. Happy Birtâ€¦ https://t.co/VLwQtcydJm",0,0
BarackObama,841326,"In 2018 people stepped up and showed up like never before. Keep it up in 2019. Weâ€™ve got a lot of work to do, and Iâ€¦ https://t.co/7XRYXZbFTu",0,0
BarackObama,767486,"Iâ€™ve always drawn inspiration from what Dr. King called lifeâ€™s most persistent and urgent question: ""What are you dâ€¦ https://t.co/Cxspr7qtwG",0,0
BarackObama,86345,The @ObamaFoundation is connecting people from around the world so they can form partnerships just like this. I amâ€¦ https://t.co/dV9rIvzy8L,0,0
SportsCenter,86771,Klay Thompson only needed FOUR DRIBBLES to score 43 points ğŸ˜³ https://t.co/k7xO0XpY3d,0,1
SportsCenter,65090,Breaking: Alabama QB Jalen Hurts has committed to play his senior season at the University of Oklahoma. (via The Plâ€¦ https://t.co/jngvHQVK2m,0,1
SportsCenter,64832,"The first major college football team to go 15-0 since 1897!

The Clemson Tigers are national champions! https://t.co/xJMyWw2roj",0,1
SportsCenter,60866,"â€¢ First teenager in NBA history with a 30-point triple-double
â€¢ First teenager in NBA history with multiple triple-â€¦ https://t.co/uPGnyVrG1B",0,1
SportsCenter,46006,This may be one of the best in-game dunks we've ever seen ğŸ˜± #SCtop10 (via @overtime) https://t.co/g01QvMtddH,0,1
espn,96538,"Calder Hodge, a 13-year-old QB with prosthetics legs, doesn't let anything stop him from playing the game he lovesâ€¦ https://t.co/7vFiA9NPC4",0,1
espn,79506,"Fans in Chicago took a swing at making the same 43-yard field goal Cody Parkey missed. 

They went 0-for-101. (viaâ€¦ https://t.co/vm5pha9BGO",0,1
espn,77942,"Shaq really tried to prank call @stephenasmith about the Cowboys ğŸ¤£
https://t.co/kLUODWI8ym",0,1
espn,67312,"Sean McVay has his own ""Get Back Coach"" to keep him on the sidelines during the game ğŸ˜‚

(via @NFLFilms)
https://t.co/pIzh1kLWvS",0,1
espn,58664,Russell Westbrook training his son Noah for the 2036 NBA draft ğŸ€ (via @okcthunder) https://t.co/t5SAXDuVjE,0,1
LilTunechi,34699,Koming soon !! https://t.co/elI4hsLRtI,0,0
LilTunechi,14342,Hands So KoldğŸ¤™ğŸ¾ #UGGxBAPE https://t.co/YyGlOJbEkL,0,0
LilTunechi,11509,Stoked to hit the stage !! #NationalChampionship #Halftime ğŸ¤™ğŸ¾,0,0
LilTunechi,9105,Letâ€™s Work!!ğŸ’ªğŸ¾ğŸ¤™ğŸ¾ https://t.co/RxWrvyhFLz,0,0
LilTunechi,4946,ğŸ¤™ğŸ¾ https://t.co/Du6nUDbB0d,0,0
britneyspears,104378,"Can you believe that this album was released 20 years ago today?! I canâ€™t. Itâ€™s been the journey of a lifetime, butâ€¦ https://t.co/YIbQqycPP6",0,0
britneyspears,43179,"I donâ€™t even know where to start with this, because this is so tough for me to say. I will not be performing my newâ€¦ https://t.co/x6ZgG1vRNA",0,0
britneyspears,24799,"I appreciate your prayers and support for my family during this time. Thank you, and love you allâ€¦ always.",0,0
britneyspears,18744,"However, itâ€™s important to always put your family firstâ€¦ and thatâ€™s the decision I had to make. A couple of monthsâ€¦ https://t.co/ZxXHLvUHJH",0,0
britneyspears,17394,I had to make the difficult decision to put my full focus and energy on my family at this time. I hope you all canâ€¦ https://t.co/4s8hs2KYNr,0,0
iamsrk,102425,Weekend Research: â€œA survey has found that One in Three men are just as lazy as the other Two! â€œ We r the other twoâ€¦ https://t.co/NRU4vfTEaI,0,0
iamsrk,62166,â€œWinning is only half of it....Having fun is the other half!! Playing is All of it....â€ The Playboysâ€™  mantra. https://t.co/8SA7DYdsOg,0,0
iamsrk,22062,All the best my friend. So extremely happy for this. Love to you. Also very very proud of all your achievements.  https://t.co/iotCGyyXxr,0,0
rihanna,212543,3 years old....and this baby is still on the #Billboard200 album chart! Thank you for your continued support and enâ€¦ https://t.co/2yy5EBgq33,0,0
rihanna,139510,Happy New Year!!! Get into the cure real quick! #PROFILTRCONCEALER coming January 11th. https://t.co/kQQqNe2d76 https://t.co/4wVq0bf7CQ,0,0
rihanna,127982,#ANTIversary this is pretty cool @geniesofficial https://t.co/qYwzMid2y2,0,0
rihanna,71141,This Valentineâ€™s Day is all about you! Fall in ğŸ’— with my newest @savagexfentyâ€™s vday collection - out now!!â€¦ https://t.co/QaUdQAwXvW,0,0
rihanna,63421,"But music is, and always will be, my first love and direct connection to your spirit. Iâ€™m blessed to have yâ€™all! Onâ€¦ https://t.co/OZK1vSz7Jy",0,0
KimKardashian,225172,The best!!! https://t.co/LsKZdFp8BO,0,0
KimKardashian,204125,Happy Birthday to my baby Chi!!!! The sweetest baby in the whole world! Mommy and Daddy love you so much! https://t.co/aXrYOKEQ3w,0,0
KimKardashian,190897,Casino Royale! Happy Birthday John!!!! https://t.co/vviB3BUCb7,0,0
KimKardashian,145738,Ummmm so this happened tonight!!!! #112 https://t.co/zOZEgGPJRl,0,0
KimKardashian,113569,ğŸ’ VERSACE FITTINGS ğŸ’ https://t.co/pcf9UALyZ7,0,0
KingJames,117742,âœˆï¸ â€¼ï¸â€¼ï¸â€¼ï¸ https://t.co/km0GJ2FaWX,0,0
KingJames,76807,YesSir!!! Congrats my brother! ğŸ‘ğŸ¾ğŸ™ğŸ¾ https://t.co/fkL8wGRgfH,0,0
KingJames,76193,On another note. Them ğŸ¦“â€™s be on some ğŸ—‘. Hate to see that happen in such a great game! ğŸ¤¦ğŸ¾â€â™‚ï¸,0,0
KingJames,71678,YesSir Men!!! Helluva WIN!!! @Lakers #LakeShow,0,0
KingJames,67561,Happy Gday brother!! Keep being you and leading ones who look for inspiration from you! Many lost ones but having yâ€¦ https://t.co/rcOOcXMTPD,0,0
realDonaldTrump,278060,Happy New Year!,0,0
realDonaldTrump,265886,"Congratulations to President 
@JairBolsonaro who just made a great inauguration speech - the U.S.A. is with you!",0,0
realDonaldTrump,256423,"HAPPY NEW YEAR TO EVERYONE, INCLUDING THE HATERS AND THE FAKE NEWS MEDIA! 2019 WILL BE A FANTASTIC YEAR FOR THOSE Nâ€¦ https://t.co/wmZjFspKkb",0,0
realDonaldTrump,253443,"How do you impeach a president who has won perhaps the greatest election of all time, done nothing wrong (no Collusâ€¦ https://t.co/kAHlDXEU3X",0,0
realDonaldTrump,252648,"Just left a meeting with Chuck and Nancy, a total waste of time. I asked what is going to happen in 30 days if I quâ€¦ https://t.co/NQeyjI5TXJ",0,0
ArianaGrande,466773,see u next year literally,0,0
ArianaGrande,439384,two albums in six months huh. thatâ€™s deep. love u. talk sooon.,0,0
ArianaGrande,366108,ğŸ’ğŸ’ğŸ’ğŸ’ğŸ’ğŸ’ğŸ’1.18. https://t.co/tRTxBujAJ3,0,0
ArianaGrande,358753,ğŸ’ğŸ’ğŸ’ of 7 https://t.co/LraKv7wtGT,0,0
ArianaGrande,316097,https://t.co/BDK3a1Zor8,0,0
ddlovato,420418,Anyone else ever been so tired you gotta take a nap before you can get ready for bed?,0,0
ddlovato,70665,That was me last night ğŸ˜´,0,0
BillGates,57065,Congratulations to the Indian government on the first 100 days of @AyushmanNHA. Itâ€™s great to see how many people hâ€¦ https://t.co/mGXaz16H7W,0,0
BillGates,54452,"Happy anniversary, @melindagates. I canâ€™t wait to spend 25 more years laughing together. https://t.co/LMJ126c3ua",0,0
BillGates,41288,Itâ€™s hard to beat this #10YearChallenge: https://t.co/HZqjeE2Q8t https://t.co/xyfvnBSXky,0,0
BillGates,31786,This is one of my favorite infographics. A lot of people underestimate just how much life has improved over the lasâ€¦ https://t.co/NAKJypSzKM,0,0
BillGates,17419,You canâ€™t beat this ROI. https://t.co/MgzJkjec7l,0,0
jtimberlake,36161,Gotta show out in my hometown ğŸ™Œ https://t.co/7AYmK2qwyk,0,0
jtimberlake,21650,"ITâ€™S ALL IN THE HIPS #happygilmore 

https://t.co/VyCgA9nqZQ https://t.co/XPxJDustXF",0,0
jtimberlake,18582,"No place like home 

https://t.co/8fGD4Mq5nT https://t.co/AfIV1yPjQ0",0,0
jtimberlake,11243,"EPIC! ğŸ”¥@Tip Your city loves you. Thank you ğŸ™ŒğŸ™Œ 

https://t.co/90ugmBWlPx https://t.co/9gLLxVx3ED",0,0
jtimberlake,7127,"Congrats, lady!! ğŸ™Œ https://t.co/V6MV1iV5hV",0,0
wizkhalifa,74682,If i ever left you on seen i apologize.,0,0
wizkhalifa,4387,Me and @LoodyBoy412 agreed last night that Americaâ€™s most wanted was the scariest shit ever. Not only was them niggâ€¦ https://t.co/AVDEAOJc3X,0,0
wizkhalifa,1458,https://t.co/MN6J8TGwj2,0,0
Drake,7120,Proud to present MONSTERS AND MEN with @AltitudeFilms in UK and Irish cinemas and on digital platforms today!â€¦ https://t.co/7ziBZLircp,0,0
instagram,4255,The floor is lava. ğŸ˜¹ #WeeklyFluff https://t.co/ZSQCD60KIa https://t.co/nSGo66JqjT,0,1
instagram,3528,"We're aware of an issue that caused the app to be down for some users this afternoon. We know this is frustrating,â€¦ https://t.co/dy85OVTCb6",0,1
instagram,3469,Eggcellent work here. ğŸ™ŒğŸ˜‚ https://t.co/EiP6B8jgra,0,1
instagram,3225,Today on our IGTV channel: weâ€™re making friends in high places with Guinness and Pimms. #WeeklyFluffâ€¦ https://t.co/gRg8TX3abA,0,1
instagram,2286,And the issue is now fully resolved. #instagramdown https://t.co/QwsTzzrVED,0,1
LiamPayne,136273,@ShawnMendes Can I play the triangle?,0,0
LiamPayne,92570,Back to work https://t.co/P76Q1MKT9Y,0,0
LiamPayne,51216,Thank you all so much for coming to last nights charity poker event with @partypokerlive in support of @uclh. https://t.co/9sJrl7Njge,0,0
LiamPayne,43131,I am going to be holding a charity poker tournament to support the incredible @uclh and the work they are doing. Toâ€¦ https://t.co/HoYtoX7GlO,0,0
LiamPayne,39663,Added some new songs to my 23:55 playlist that Iâ€™ve been listening to a lot this year! https://t.co/oFUVVLSEca,0,0
jimmyfallon,65719,Happy 2019!!!,0,0
jimmyfallon,12813,Inspirado por  #HamiltonPR #TonightShowPuertoRico https://t.co/SVAYFXivzo,0,0
jimmyfallon,12424,I canâ€™t even with you right now.  Thank you thank you thank you. https://t.co/YNLcCpNK2w,0,0
jimmyfallon,10201,This guy is unbelievable. Please RT. https://t.co/UaB5vO2e7v,0,0
jimmyfallon,9308,"I got it on the first coat flip, so, I am not gonna retake this... shot! No Iâ€™m NOT gonna retake this... shot!â€¦ https://t.co/qslEZtdiMf",0,0
neymarjr,101968,stay strong ğŸ™ğŸ½â¤ï¸ https://t.co/wEHhdeTPIz,0,0
neymarjr,101959,Flash âš¡ï¸ and Batman ğŸ¦‡ https://t.co/pDRoEypIwW,0,0
neymarjr,69896,Squad in Paris ğŸ‡«ğŸ‡· https://t.co/Nv4wyTjONw,0,0
neymarjr,63063,"Brumadinho ğŸ˜¥ğŸ™ğŸ½â¤ï¸
@OsGemeos https://t.co/DVNTkR0at6",0,0
neymarjr,55134,"Gigiii .. Feliz aniversÃ¡rio Lenda !!! Que Deus abenÃ§oe a sua vida sempre, uma honra poder fazer parte da sua histÃ³râ€¦ https://t.co/23sH7E2wtP",0,0
NiallOfficial,191008,Oh we are writing ğŸ˜ğŸ˜ğŸ˜ğŸ˜,0,0
NiallOfficial,99705,@ShawnMendes Letâ€™s do it then,0,0
NiallOfficial,94134,@goldsniall Weâ€™re going to try .,0,0
NiallOfficial,83557,So excited about this ! Iâ€™m singing on @juliamichaels album and Iâ€™m over the moon . Julia is one of my very very goâ€¦ https://t.co/B5RZWjaIoX,0,0
NiallOfficial,80341,#whatatime,0,0
NASA,12809,"RIGHT NOW, ~1 billion miles past Pluto, @NASANewHorizons is performing the most distant spacecraft flyby ever as itâ€¦ https://t.co/Ye0QfnZWce",0,1
NASA,6997,New beginnings! ğŸŒŸ When the universe was still a baby â€“ less than 1 billion years old â€“ several of its stars turnedâ€¦ https://t.co/wFLovzxaNO,0,1
NASA,6652,How do you photograph a galaxy that stretches for thousands of light-years? One Hubble image at a time. This is theâ€¦ https://t.co/lSaMJgtanx,0,1
NASA,6298,"What's next for NASA? Look ahead at 2019, we're preparing for human missions to the Moon, making innovations in fliâ€¦ https://t.co/UN6xy5xdk6",0,1
NASA,5888,"X-ray light from a black hole about 10,000 light-years away was detected by NICER, an instrument installed onâ€¦ https://t.co/TGFVUHNoMt",0,1
BarackObama,1413869,"I knew it way back then and Iâ€™m absolutely convinced of it today â€” youâ€™re one of a kind, @MichelleObama. Happy Birtâ€¦ https://t.co/VLwQtcydJm",1,0
BarackObama,841326,"In 2018 people stepped up and showed up like never before. Keep it up in 2019. Weâ€™ve got a lot of work to do, and Iâ€¦ https://t.co/7XRYXZbFTu",1,0
BarackObama,767486,"Iâ€™ve always drawn inspiration from what Dr. King called lifeâ€™s most persistent and urgent question: ""What are you dâ€¦ https://t.co/Cxspr7qtwG",1,0
Harry_Styles,609917,2019. Happy New Year everyone. Love and happiness to you. H,1,0
MileyCyrus,596135,https://t.co/ghTRGfo6MQ,1,0
