id,artist_song,artist,song,artist_song_folder,artist_folder,song_folder,decade
0,Ac Dc - All Songs,Ac Dc,All songs,ac_dc__All_songs,ac_dc,,1980
1,Ac Dc - Back in black,Ac Dc,Back in black,ac_dc__Back_in_black,ac_dc,Back_in_black,1980
2,Ac Dc - You shook me all night long,Ac Dc,You shook me all night long,ac_dc__You_shook_me_all_night_long,ac_dc,You_shook_me_all_night_long,1980
3,Bon Jovi - All Songs,Bon Jovi,All songs,bon_jovi__All_songs,bon_jovi,,1980
4,Bon Jovi - Wanted dead or alive,Bon Jovi,Wanted dead or alive,bon_jovi__Wanted_dead_or_alive,bon_jovi,Wanted_dead_or_alive,1980
5,Bon Jovi - Livin on a prayer,Bon Jovi,Livin on a prayer,bon_jovi__Livin_on_a_prayer,bon_jovi,Livin_on_a_prayer,1980
6,Bon Jovi - Always,Bon Jovi,Always,bon_jovi__Always,bon_jovi,Always,1980
7,Bon Jovi - Its my life,Bon Jovi,Its my life,bon_jovi__Its_my_life,bon_jovi,Its_my_life,1980
8,Phil Collins - All Songs,Phil Collins,All songs,phil_collins__All_songs,phil_collins,,1980
9,Phil Collins - Against all odds,Phil Collins,Against all odds,phil_collins__Against_all_odds,phil_collins,Against_all_odds,1980
10,U2 - All Songs,U2,All songs,u2__All_songs,u2,,1980
11,U2 - Sunday bloody sunday,U2,Sunday bloody sunday,u2__Sunday_bloody_sunday,u2,Sunday_bloody_sunday,1980
12,U2 - With or without you,U2,With or without you,u2__With_or_without_you,u2,With_or_without_you,1980
13,Madonna - All Songs,Madonna,All songs,madonna__All_songs,madonna,,1980
14,Madonna - Frozen,Madonna,Frozen,madonna__Frozen,madonna,Frozen,1980
15,Madonna - Ghosttown,Madonna,Ghosttown,madonna__Ghosttown,madonna,Ghosttown,1980
16,Whitney Houston - All Songs,Whitney Houston,All songs,whitney_houston__All_songs,whitney_houston,,1980
17,Whitney Houston - Saving all my love for you,Whitney Houston,Saving all my love for you,whitney_houston__Saving_all_my_love_for_you,whitney_houston,Saving_all_my_love_for_you,1980
18,Whitney Houston - Didnt we almost have it all,Whitney Houston,Didnt we almost have it all,whitney_houston__Didnt_we_almost_have_it_all,whitney_houston,Didnt_we_almost_have_it_all,1980
19,Whitney Houston - I will always love you,Whitney Houston,I will always love you,whitney_houston__I_will_always_love_you,whitney_houston,I_will_always_love_you,1980
20,Beatles - All Songs,Beatles,All songs,beatles__All_songs,beatles,,1960
21,Beatles - In my life,Beatles,In my life,beatles__In_my_life,beatles,In_my_life,1960
22,Beatles - Ob la di ob la da,Beatles,Ob la di ob la da,beatles__Ob_la_di_ob_la_da,beatles,Ob_la_di_ob_la_da,1960
23,Beatles - Real love,Beatles,Real love,beatles__Real_love,beatles,Real_love,1960
24,Beatles - Yesterday,Beatles,Yesterday,beatles__Yesterday,beatles,Yesterday,1960
25,Beatles - Blackbird,Beatles,Blackbird,beatles__Blackbird,beatles,Blackbird,1960
26,Beatles - Here comes the sun,Beatles,Here comes the sun,beatles__Here_comes_the_sun,beatles,Here_comes_the_sun,1960
27,Beatles - The night before,Beatles,The night before,beatles__The_night_before,beatles,The_night_before,1960
28,Beatles - Hey bulldog,Beatles,Hey bulldog,beatles__Hey_bulldog,beatles,Hey_bulldog,1960
29,Beatles - Love me do,Beatles,Love me do,beatles__Love_me_do,beatles,Love_me_do,1960
30,Beatles - Ill follow the sun,Beatles,Ill follow the sun,beatles__Ill_follow_the_sun,beatles,Ill_follow_the_sun,1960
31,Beatles - Let it be,Beatles,Let it be,beatles__Let_it_be,beatles,Let_it_be,1960
32,Beatles - Hey jude,Beatles,Hey jude,beatles__Hey_jude,beatles,Hey_jude,1960
33,Beatles - Sexy sadie,Beatles,Sexy sadie,beatles__Sexy_sadie,beatles,Sexy_sadie,1960
34,Beatles - Lady madonna,Beatles,Lady madonna,beatles__Lady_madonna,beatles,Lady_madonna,1960
35,Beatles - Eleanor rigby,Beatles,Eleanor rigby,beatles__Eleanor_rigby,beatles,Eleanor_rigby,1960
36,Beatles - While my guitar gently weeps,Beatles,While my guitar gently weeps,beatles__While_my_guitar_gently_weeps,beatles,While_my_guitar_gently_weeps,1960
37,Beatles - All my loving,Beatles,All my loving,beatles__All_my_loving,beatles,All_my_loving,1960
38,Beatles - Golden slumbers,Beatles,Golden slumbers,beatles__Golden_slumbers,beatles,Golden_slumbers,1960
39,Elvis Presley - All Songs,Elvis Presley,All songs,elvis_presley__All_songs,elvis_presley,,1960
40,Elvis Presley - Cant help falling in love,Elvis Presley,Cant help falling in love,elvis_presley__Cant_help_falling_in_love,elvis_presley,Cant_help_falling_in_love,1960
41,Elvis Presley - Love letters,Elvis Presley,Love letters,elvis_presley__Love_letters,elvis_presley,Love_letters,1960
42,Elvis Presley - Love me tender,Elvis Presley,Love me tender,elvis_presley__Love_me_tender,elvis_presley,Love_me_tender,1960
43,Elvis Presley - Jailhouse rock,Elvis Presley,Jailhouse rock,elvis_presley__Jailhouse_rock,elvis_presley,Jailhouse_rock,1960
44,Elvis Presley - Don t be cruel,Elvis Presley,Don t be cruel,elvis_presley__Don_t_be_cruel,elvis_presley,Don_t_be_cruel,1960
45,Bob Dylan - All Songs,Bob Dylan,All songs,bob_dylan__All_songs,bob_dylan,,1960
46,Bob Dylan - Knockin on heavens door,Bob Dylan,Knockin on heavens door,bob_dylan__Knockin_on_heavens_door,bob_dylan,Knockin_on_heavens_door,1960
47,Bob Dylan - Blowin in the wind,Bob Dylan,Blowin in the wind,bob_dylan__Blowin_in_the_wind,bob_dylan,Blowin_in_the_wind,1960
48,Bob Dylan - Forever young,Bob Dylan,Forever young,bob_dylan__Forever_young,bob_dylan,Forever_young,1960
49,Rolling Stones - All Songs,Rolling Stones,All songs,rolling_stones__All_songs,rolling_stones,,1960
50,Rolling Stones - Angie,Rolling Stones,Angie,rolling_stones__Angie,rolling_stones,Angie,1960
51,Rolling Stones - Paint it black,Rolling Stones,Paint it black,rolling_stones__Paint_it_black,rolling_stones,Paint_it_black,1960
52,Rolling Stones - Its all over now,Rolling Stones,Its all over now,rolling_stones__Its_all_over_now,rolling_stones,Its_all_over_now,1960
53,Rolling Stones - Shes like a rainbow,Rolling Stones,Shes like a rainbow,rolling_stones__Shes_like_a_rainbow,rolling_stones,Shes_like_a_rainbow,1960
54,Nelly Furtado - All Songs,Nelly Furtado,All songs,nelly_furtado__All_songs,nelly_furtado,,2000
55,Nelly Furtado - Try,Nelly Furtado,Try,nelly_furtado__Try,nelly_furtado,Try,2000
56,Justin Timberlake - All Songs,Justin Timberlake,All songs,justin_timberlake__All_songs,justin_timberlake,,2000
57,Justin Timberlake - True colors,Justin Timberlake,True colors,justin_timberlake__True_colors,justin_timberlake,True_colors,2000
58,Justin Timberlake - Five hundred miles,Justin Timberlake,Five hundred miles,justin_timberlake__Five_hundred_miles,justin_timberlake,Five_hundred_miles,2000
59,Justin Timberlake - Say something,Justin Timberlake,Say something,justin_timberlake__Say_something,justin_timberlake,Say_something,2000
60,Eminem - All Songs,Eminem,All songs,eminem__All_songs,eminem,,2000
61,Eminem - Stan,Eminem,Stan,eminem__Stan,eminem,Stan,2000
62,Eminem - River,Eminem,River,eminem__River,eminem,River,2000
63,Eminem - The way i am,Eminem,The way i am,eminem__The_way_i_am,eminem,The_way_i_am,2000
64,Eminem - Love the way you lie part 2,Eminem,Love the way you lie part 2,eminem__Love_the_way_you_lie_part_2,eminem,Love_the_way_you_lie_part_2,2000
65,Eminem - Love the way you lie part 1,Eminem,Love the way you lie part 1,eminem__Love_the_way_you_lie_part_1,eminem,Love_the_way_you_lie_part_1,2000
66,Eminem - The real slim shady,Eminem,The real slim shady,eminem__The_real_slim_shady,eminem,The_real_slim_shady,2000
67,Eminem - Superman,Eminem,Superman,eminem__Superman,eminem,Superman,2000
68,Eminem - Not afraid,Eminem,Not afraid,eminem__Not_afraid,eminem,Not_afraid,2000
69,Eminem - Lose yourself,Eminem,Lose yourself,eminem__Lose_yourself,eminem,Lose_yourself,2000
70,Linkin Park - All Songs,Linkin Park,All songs,linkin_park__All_songs,linkin_park,,2000
71,Linkin Park - Somewhere i belong,Linkin Park,Somewhere i belong,linkin_park__Somewhere_i_belong,linkin_park,Somewhere_i_belong,2000
72,Linkin Park - In the end,Linkin Park,In the end,linkin_park__In_the_end,linkin_park,In_the_end,2000
73,Linkin Park - Until its gone,Linkin Park,Until its gone,linkin_park__Until_its_gone,linkin_park,Until_its_gone,2000
74,Linkin Park - Numb,Linkin Park,Numb,linkin_park__Numb,linkin_park,Numb,2000
75,Linkin Park - Breaking the habit,Linkin Park,Breaking the habit,linkin_park__Breaking_the_habit,linkin_park,Breaking_the_habit,2000
76,Linkin Park - Sharp edges,Linkin Park,Sharp edges,linkin_park__Sharp_edges,linkin_park,Sharp_edges,2000
77,Linkin Park - Roads untraveled,Linkin Park,Roads untraveled,linkin_park__Roads_untraveled,linkin_park,Roads_untraveled,2000
78,Linkin Park - One step closer,Linkin Park,One step closer,linkin_park__One_step_closer,linkin_park,One_step_closer,2000
79,Linkin Park - Talking to myself,Linkin Park,Talking to myself,linkin_park__Talking_to_myself,linkin_park,Talking_to_myself,2000
80,Linkin Park - One more light,Linkin Park,One more light,linkin_park__One_more_light,linkin_park,One_more_light,2000
81,Linkin Park - From the inside,Linkin Park,From the inside,linkin_park__From_the_inside,linkin_park,From_the_inside,2000
82,Linkin Park - Iridescent,Linkin Park,Iridescent,linkin_park__Iridescent,linkin_park,Iridescent,2000
83,Linkin Park - What ive done,Linkin Park,What ive done,linkin_park__What_ive_done,linkin_park,What_ive_done,2000
84,Linkin Park - New divide,Linkin Park,New divide,linkin_park__New_divide,linkin_park,New_divide,2000
85,Linkin Park - In pieces,Linkin Park,In pieces,linkin_park__In_pieces,linkin_park,In_pieces,2000
86,Linkin Park - Final masquerade,Linkin Park,Final masquerade,linkin_park__Final_masquerade,linkin_park,Final_masquerade,2000
87,Kanye West - All Songs,Kanye West,All songs,kanye_west__All_songs,kanye_west,,2000
88,Kanye West - Hands on,Kanye West,Hands on,kanye_west__Hands_on,kanye_west,Hands_on,2000
89,Kanye West - Follow god ,Kanye West,Follow god ,kanye_west__Follow_god_,kanye_west,Follow_god_,2000
90,Kanye West - Runaway,Kanye West,Runaway,kanye_west__Runaway,kanye_west,Runaway,2000
91,Kanye West - All of the lights,Kanye West,All of the lights,kanye_west__All_of_the_lights,kanye_west,All_of_the_lights,2000
92,Kanye West - Selah,Kanye West,Selah,kanye_west__Selah,kanye_west,Selah,2000
93,Kanye West - Use this gospel,Kanye West,Use this gospel,kanye_west__Use_this_gospel,kanye_west,Use_this_gospel,2000
94,Kanye West - Ghost town,Kanye West,Ghost town,kanye_west__Ghost_town,kanye_west,Ghost_town,2000
95,Kanye West - Homecoming,Kanye West,Homecoming,kanye_west__Homecoming,kanye_west,Homecoming,2000
96,Kanye West - On god,Kanye West,On god,kanye_west__On_god,kanye_west,On_god,2000
97,Kanye West - Ultralight beam,Kanye West,Ultralight beam,kanye_west__Ultralight_beam,kanye_west,Ultralight_beam,2000
98,Usher - All Songs,Usher,All songs,usher__All_songs,usher,,2000
99,Usher - Scream,Usher,Scream,usher__Scream,usher,Scream,2000
100,Usher - Dj got us fallin' in love,Usher,Dj got us fallin' in love,usher__Dj_got_us_fallin'_in_love,usher,Dj_got_us_fallin'_in_love,2000
101,Christina Aguilera - All Songs,Christina Aguilera,All songs,christina_aguilera__All_songs,christina_aguilera,,2000
102,Christina Aguilera - Blank page,Christina Aguilera,Blank page,christina_aguilera__Blank_page,christina_aguilera,Blank_page,2000
103,Christina Aguilera - Say something,Christina Aguilera,Say something,christina_aguilera__Say_something,christina_aguilera,Say_something,2000
104,Alicia Keys - All Songs,Alicia Keys,All songs,alicia_keys__All_songs,alicia_keys,,2000
105,Alicia Keys - No one,Alicia Keys,No one,alicia_keys__No_one,alicia_keys,No_one,2000
106,Alicia Keys - If i ain t got you,Alicia Keys,If i ain t got you,alicia_keys__If_i_ain_t_got_you,alicia_keys,If_i_ain_t_got_you,2000
107,Alicia Keys - Girl on fire,Alicia Keys,Girl on fire,alicia_keys__Girl_on_fire,alicia_keys,Girl_on_fire,2000
108,Beyonce - All Songs,Beyonce,All songs,beyonce__All_songs,beyonce,,2000
109,Beyonce - If i were a boy,Beyonce,If i were a boy,beyonce__If_i_were_a_boy,beyonce,If_i_were_a_boy,2000
110,Beyonce - Halo,Beyonce,Halo,beyonce__Halo,beyonce,Halo,2000
111,Beyonce - Sandcastles,Beyonce,Sandcastles,beyonce__Sandcastles,beyonce,Sandcastles,2000
112,Beyonce - Heaven,Beyonce,Heaven,beyonce__Heaven,beyonce,Heaven,2000
113,Beyonce - I was here,Beyonce,I was here,beyonce__I_was_here,beyonce,I_was_here,2000
114,Katy Perry - All Songs,Katy Perry,All songs,katy_perry__All_songs,katy_perry,,2010
115,Katy Perry - Rise,Katy Perry,Rise,katy_perry__Rise,katy_perry,Rise,2010
116,Katy Perry - 365,Katy Perry,365,katy_perry__365,katy_perry,365,2010
117,Katy Perry - I kissed a girl,Katy Perry,I kissed a girl,katy_perry__I_kissed_a_girl,katy_perry,I_kissed_a_girl,2010
118,Katy Perry - Firework,Katy Perry,Firework,katy_perry__Firework,katy_perry,Firework,2010
119,Katy Perry - Never really over,Katy Perry,Never really over,katy_perry__Never_really_over,katy_perry,Never_really_over,2010
120,Justin Bieber - All Songs,Justin Bieber,All songs,justin_bieber__All_songs,justin_bieber,,2010
121,Justin Bieber - Love yourself,Justin Bieber,Love yourself,justin_bieber__Love_yourself,justin_bieber,Love_yourself,2010
122,Justin Bieber - Intentions,Justin Bieber,Intentions,justin_bieber__Intentions,justin_bieber,Intentions,2010
123,Justin Bieber - Nothing like us,Justin Bieber,Nothing like us,justin_bieber__Nothing_like_us,justin_bieber,Nothing_like_us,2010
124,Justin Bieber - Sorry,Justin Bieber,Sorry,justin_bieber__Sorry,justin_bieber,Sorry,2010
125,Justin Bieber - Yummy,Justin Bieber,Yummy,justin_bieber__Yummy,justin_bieber,Yummy,2010
126,Justin Bieber - Purpose,Justin Bieber,Purpose,justin_bieber__Purpose,justin_bieber,Purpose,2010
127,The Weeknd - All Songs,The Weeknd,All songs,the_weeknd__All_songs,the_weeknd,,2010
128,The Weeknd - I was never there,The Weeknd,I was never there,the_weeknd__I_was_never_there,the_weeknd,I_was_never_there,2010
129,The Weeknd - Blinding lights,The Weeknd,Blinding lights,the_weeknd__Blinding_lights,the_weeknd,Blinding_lights,2010
130,The Weeknd - Call out my name,The Weeknd,Call out my name,the_weeknd__Call_out_my_name,the_weeknd,Call_out_my_name,2010
131,The Weeknd - Wicked games,The Weeknd,Wicked games,the_weeknd__Wicked_games,the_weeknd,Wicked_games,2010
132,The Weeknd - Cant feel my face,The Weeknd,Cant feel my face,the_weeknd__Cant_feel_my_face,the_weeknd,Cant_feel_my_face,2010
133,The Weeknd - In the night,The Weeknd,In the night,the_weeknd__In_the_night,the_weeknd,In_the_night,2010
134,Bruno Mars - All Songs,Bruno Mars,All songs,bruno_mars__All_songs,bruno_mars,,2010
135,Bruno Mars - The lazy song,Bruno Mars,The lazy song,bruno_mars__The_lazy_song,bruno_mars,The_lazy_song,2010
136,Bruno Mars - Grenade,Bruno Mars,Grenade,bruno_mars__Grenade,bruno_mars,Grenade,2010
137,Bruno Mars - Young girls,Bruno Mars,Young girls,bruno_mars__Young_girls,bruno_mars,Young_girls,2010
138,Bruno Mars - Somewhere in brooklyn,Bruno Mars,Somewhere in brooklyn,bruno_mars__Somewhere_in_brooklyn,bruno_mars,Somewhere_in_brooklyn,2010
139,Bruno Mars - Uptown funk,Bruno Mars,Uptown funk,bruno_mars__Uptown_funk,bruno_mars,Uptown_funk,2010
140,Bruno Mars - When i was your man,Bruno Mars,When i was your man,bruno_mars__When_i_was_your_man,bruno_mars,When_i_was_your_man,2010
141,Bruno Mars - Count on me,Bruno Mars,Count on me,bruno_mars__Count_on_me,bruno_mars,Count_on_me,2010
142,Bruno Mars - Talking to the moon,Bruno Mars,Talking to the moon,bruno_mars__Talking_to_the_moon,bruno_mars,Talking_to_the_moon,2010
143,Bruno Mars - Runaway baby,Bruno Mars,Runaway baby,bruno_mars__Runaway_baby,bruno_mars,Runaway_baby,2010
144,Bruno Mars - Locked out of heaven,Bruno Mars,Locked out of heaven,bruno_mars__Locked_out_of_heaven,bruno_mars,Locked_out_of_heaven,2010
145,Bruno Mars - It will rain,Bruno Mars,It will rain,bruno_mars__It_will_rain,bruno_mars,It_will_rain,2010
146,Post Malone - All Songs,Post Malone,All songs,post_malone__All_songs,post_malone,,2010
147,Post Malone - Psycho,Post Malone,Psycho,post_malone__Psycho,post_malone,Psycho,2010
148,Post Malone - Rockstar,Post Malone,Rockstar,post_malone__Rockstar,post_malone,Rockstar,2010
149,Post Malone - Sunflower,Post Malone,Sunflower,post_malone__Sunflower,post_malone,Sunflower,2010
150,Post Malone - Stay,Post Malone,Stay,post_malone__Stay,post_malone,Stay,2010
151,Post Malone - Take what you want,Post Malone,Take what you want,post_malone__Take_what_you_want,post_malone,Take_what_you_want,2010
152,Post Malone - White iverson,Post Malone,White iverson,post_malone__White_iverson,post_malone,White_iverson,2010
153,Post Malone - Circles,Post Malone,Circles,post_malone__Circles,post_malone,Circles,2010
154,Post Malone - I fall apart,Post Malone,I fall apart,post_malone__I_fall_apart,post_malone,I_fall_apart,2010
155,Post Malone - Better now,Post Malone,Better now,post_malone__Better_now,post_malone,Better_now,2010
156,Post Malone - Goodbyes,Post Malone,Goodbyes,post_malone__Goodbyes,post_malone,Goodbyes,2010
157,Post Malone - Congratulations,Post Malone,Congratulations,post_malone__Congratulations,post_malone,Congratulations,2010
158,Rihanna - All Songs,Rihanna,All songs,rihanna__All_songs,rihanna,,2010
159,Maroon 5 - All Songs,Maroon 5,All songs,maroon_5__All_songs,maroon_5,,2010
160,Maroon 5 - What lovers do,Maroon 5,What lovers do,maroon_5__What_lovers_do,maroon_5,What_lovers_do,2010
161,Maroon 5 - Wont go home without you,Maroon 5,Wont go home without you,maroon_5__Wont_go_home_without_you,maroon_5,Wont_go_home_without_you,2010
162,Maroon 5 - Payphone,Maroon 5,Payphone,maroon_5__Payphone,maroon_5,Payphone,2010
163,Maroon 5 - She will be loved,Maroon 5,She will be loved,maroon_5__She_will_be_loved,maroon_5,She_will_be_loved,2010
164,Maroon 5 - Memories,Maroon 5,Memories,maroon_5__Memories,maroon_5,Memories,2010
165,Kesha - All Songs,Kesha,All songs,kesha__All_songs,kesha,,2010
166,Kesha - Praying,Kesha,Praying,kesha__Praying,kesha,Praying,2010
167,Kesha - Rainbow,Kesha,Rainbow,kesha__Rainbow,kesha,Rainbow,2010
168,Drake - All Songs,Drake,All songs,drake__All_songs,drake,,2010
169,Drake - Passionfruit,Drake,Passionfruit,drake__Passionfruit,drake,Passionfruit,2010
170,Drake - One dance,Drake,One dance,drake__One_dance,drake,One_dance,2010
171,Drake - In my feelings,Drake,In my feelings,drake__In_my_feelings,drake,In_my_feelings,2010
172,Drake - Nice for what,Drake,Nice for what,drake__Nice_for_what,drake,Nice_for_what,2010
173,Drake - Gods plan,Drake,Gods plan,drake__Gods_plan,drake,Gods_plan,2010
174,Drake - Hotline bling,Drake,Hotline bling,drake__Hotline_bling,drake,Hotline_bling,2010
175,Adele - All Songs,Adele,All songs,adele__All_songs,adele,,2010
176,Adele - Hometown glory,Adele,Hometown glory,adele__Hometown_glory,adele,Hometown_glory,2010
177,Adele - All i ask,Adele,All i ask,adele__All_i_ask,adele,All_i_ask,2010
178,Adele - Rolling in the deep,Adele,Rolling in the deep,adele__Rolling_in_the_deep,adele,Rolling_in_the_deep,2010
179,Adele - Set fire to the rain,Adele,Set fire to the rain,adele__Set_fire_to_the_rain,adele,Set_fire_to_the_rain,2010
180,Adele - Someone like you,Adele,Someone like you,adele__Someone_like_you,adele,Someone_like_you,2010
181,Adele - Skyfall,Adele,Skyfall,adele__Skyfall,adele,Skyfall,2010
182,Adele - Love in the dark,Adele,Love in the dark,adele__Love_in_the_dark,adele,Love_in_the_dark,2010
183,Adele - When we were young,Adele,When we were young,adele__When_we_were_young,adele,When_we_were_young,2010
184,Adele - Turning tables,Adele,Turning tables,adele__Turning_tables,adele,Turning_tables,2010
185,Adele - Hello,Adele,Hello,adele__Hello,adele,Hello,2010
186,Adele - Million years ago,Adele,Million years ago,adele__Million_years_ago,adele,Million_years_ago,2010
187,Adele - Sweetest devotion,Adele,Sweetest devotion,adele__Sweetest_devotion,adele,Sweetest_devotion,2010
188,Adele - Remedy,Adele,Remedy,adele__Remedy,adele,Remedy,2010
189,Taylor Swift - All Songs,Taylor Swift,All songs,taylor_swift__All_songs,taylor_swift,,2010
190,Taylor Swift - Love yourself,Taylor Swift,Love yourself,taylor_swift__Love_yourself,taylor_swift,Love_yourself,2010
191,Taylor Swift - Getaway car,Taylor Swift,Getaway car,taylor_swift__Getaway_car,taylor_swift,Getaway_car,2010
192,Taylor Swift - Ready for it,Taylor Swift,Ready for it,taylor_swift__Ready_for_it,taylor_swift,Ready_for_it,2010
193,Taylor Swift - I knew you were trouble,Taylor Swift,I knew you were trouble,taylor_swift__I_knew_you_were_trouble,taylor_swift,I_knew_you_were_trouble,2010
194,Taylor Swift - I did something bad,Taylor Swift,I did something bad,taylor_swift__I_did_something_bad,taylor_swift,I_did_something_bad,2010
195,Taylor Swift - New romantics,Taylor Swift,New romantics,taylor_swift__New_romantics,taylor_swift,New_romantics,2010
196,Taylor Swift - Dancing with our hands tied,Taylor Swift,Dancing with our hands tied,taylor_swift__Dancing_with_our_hands_tied,taylor_swift,Dancing_with_our_hands_tied,2010
197,Taylor Swift - 22,Taylor Swift,22,taylor_swift__22,taylor_swift,22,2010
198,Taylor Swift - Love story,Taylor Swift,Love story,taylor_swift__Love_story,taylor_swift,Love_story,2010
199,Taylor Swift - This love,Taylor Swift,This love,taylor_swift__This_love,taylor_swift,This_love,2010
200,Taylor Swift - All too well,Taylor Swift,All too well,taylor_swift__All_too_well,taylor_swift,All_too_well,2010
201,Taylor Swift - Haunted,Taylor Swift,Haunted,taylor_swift__Haunted,taylor_swift,Haunted,2010
202,Taylor Swift - Sparks fly,Taylor Swift,Sparks fly,taylor_swift__Sparks_fly,taylor_swift,Sparks_fly,2010
203,Taylor Swift - Look what you made me do,Taylor Swift,Look what you made me do,taylor_swift__Look_what_you_made_me_do,taylor_swift,Look_what_you_made_me_do,2010
204,Taylor Swift - Gorgeous,Taylor Swift,Gorgeous,taylor_swift__Gorgeous,taylor_swift,Gorgeous,2010
205,Taylor Swift - Wildest dreams,Taylor Swift,Wildest dreams,taylor_swift__Wildest_dreams,taylor_swift,Wildest_dreams,2010
206,Taylor Swift - Red,Taylor Swift,Red,taylor_swift__Red,taylor_swift,Red,2010
207,Taylor Swift - Enchanted,Taylor Swift,Enchanted,taylor_swift__Enchanted,taylor_swift,Enchanted,2010
208,Taylor Swift - New years day,Taylor Swift,New years day,taylor_swift__New_years_day,taylor_swift,New_years_day,2010
209,Taylor Swift - I dont wanna live forever,Taylor Swift,I dont wanna live forever,taylor_swift__I_dont_wanna_live_forever,taylor_swift,I_dont_wanna_live_forever,2010
210,Led Zeppelin - All Songs,Led Zeppelin,All songs,led_zeppelin__All_songs,led_zeppelin,,1970
211,Led Zeppelin - The rain song,Led Zeppelin,The rain song,led_zeppelin__The_rain_song,led_zeppelin,The_rain_song,1970
212,Led Zeppelin - Stairway to heaven,Led Zeppelin,Stairway to heaven,led_zeppelin__Stairway_to_heaven,led_zeppelin,Stairway_to_heaven,1970
213,Stevie Wonder - All Songs,Stevie Wonder,All songs,stevie_wonder__All_songs,stevie_wonder,,1970
214,Stevie Wonder - As,Stevie Wonder,As,stevie_wonder__As,stevie_wonder,As,1970
215,Stevie Wonder - Dont you worry bout a thing,Stevie Wonder,Dont you worry bout a thing,stevie_wonder__Dont_you_worry_bout_a_thing,stevie_wonder,Dont_you_worry_bout_a_thing,1970
216,Bee Gees - All Songs,Bee Gees,All songs,bee_gees__All_songs,bee_gees,,1970
217,Bee Gees - Words bee gees ,Bee Gees,Words bee gees ,bee_gees__Words_bee_gees_,bee_gees,Words_bee_gees_,1970
218,Bee Gees - Night fever bee gees,Bee Gees,Night fever bee gees,bee_gees__Night_fever_bee_gees,bee_gees,Night_fever_bee_gees,1970
219,Bee Gees - How deep is your love,Bee Gees,How deep is your love,bee_gees__How_deep_is_your_love,bee_gees,How_deep_is_your_love,1970
220,Elton John - All Songs,Elton John,All songs,elton_john__All_songs,elton_john,,1970
221,Elton John - Your song,Elton John,Your song,elton_john__Your_song,elton_john,Your_song,1970
222,Elton John - Goodbye yellow brick road,Elton John,Goodbye yellow brick road,elton_john__Goodbye_yellow_brick_road,elton_john,Goodbye_yellow_brick_road,1970
223,Elton John - Crocodile rock,Elton John,Crocodile rock,elton_john__Crocodile_rock,elton_john,Crocodile_rock,1970
224,Elton John - Rocket man,Elton John,Rocket man,elton_john__Rocket_man,elton_john,Rocket_man,1970
225,Elton John - Bennie and the jets,Elton John,Bennie and the jets,elton_john__Bennie_and_the_jets,elton_john,Bennie_and_the_jets,1970
226,Elton John - Daniel,Elton John,Daniel,elton_john__Daniel,elton_john,Daniel,1970
227,Elton John - Im still standing,Elton John,Im still standing,elton_john__Im_still_standing,elton_john,Im_still_standing,1970
228,Pink Floyd - All Songs,Pink Floyd,All songs,pink_floyd__All_songs,pink_floyd,,1970
229,Pink Floyd - Comfortably numb,Pink Floyd,Comfortably numb,pink_floyd__Comfortably_numb,pink_floyd,Comfortably_numb,1970
230,Pink Floyd - Time,Pink Floyd,Time,pink_floyd__Time,pink_floyd,Time,1970
231,Pink Floyd - The great gig in the sky,Pink Floyd,The great gig in the sky,pink_floyd__The_great_gig_in_the_sky,pink_floyd,The_great_gig_in_the_sky,1970
232,Pink Floyd - High hopes,Pink Floyd,High hopes,pink_floyd__High_hopes,pink_floyd,High_hopes,1970
233,Pink Floyd - In the flesh,Pink Floyd,In the flesh,pink_floyd__In_the_flesh,pink_floyd,In_the_flesh,1970
234,Pink Floyd - Wish you were here,Pink Floyd,Wish you were here,pink_floyd__Wish_you_were_here,pink_floyd,Wish_you_were_here,1970
235,Pink Floyd - Pink floyd us and them,Pink Floyd,Pink floyd us and them,pink_floyd__Pink_floyd_us_and_them,pink_floyd,Pink_floyd_us_and_them,1970
236,Metallica - All Songs,Metallica,All songs,metallica__All_songs,metallica,,1990
237,Metallica - Metallica enter sandman franck,Metallica,Metallica enter sandman franck,metallica__Metallica_enter_sandman_franck,metallica,Metallica_enter_sandman_franck,1990
238,Metallica - Metallica one,Metallica,Metallica one,metallica__Metallica_one,metallica,Metallica_one,1990
239,Metallica - The unforgiven,Metallica,The unforgiven,metallica__The_unforgiven,metallica,The_unforgiven,1990
240,Metallica - Nothing else matters,Metallica,Nothing else matters,metallica__Nothing_else_matters,metallica,Nothing_else_matters,1990
241,Metallica - For whom the bell tolls,Metallica,For whom the bell tolls,metallica__For_whom_the_bell_tolls,metallica,For_whom_the_bell_tolls,1990
242,Mariah Carey - All Songs,Mariah Carey,All songs,mariah_carey__All_songs,mariah_carey,,1990
243,Mariah Carey - All i want for christmas is you,Mariah Carey,All i want for christmas is you,mariah_carey__All_i_want_for_christmas_is_you,mariah_carey,All_i_want_for_christmas_is_you,1990
244,Nirvana - All Songs,Nirvana,All songs,nirvana__All_songs,nirvana,,1990
245,Nirvana - The man who sold the world,Nirvana,The man who sold the world,nirvana__The_man_who_sold_the_world,nirvana,The_man_who_sold_the_world,1990
246,Nirvana - Smells like teen spirit,Nirvana,Smells like teen spirit,nirvana__Smells_like_teen_spirit,nirvana,Smells_like_teen_spirit,1990
247,Nirvana - Come as you are,Nirvana,Come as you are,nirvana__Come_as_you_are,nirvana,Come_as_you_are,1990
248,Nirvana - Lithium,Nirvana,Lithium,nirvana__Lithium,nirvana,Lithium,1990
249,Celine Dion - All Songs,Celine Dion,All songs,celine_dion__All_songs,celine_dion,,1990
250,Celine Dion - My heart will go on,Celine Dion,My heart will go on,celine_dion__My_heart_will_go_on,celine_dion,My_heart_will_go_on,1990
251,Bryan Adams - All Songs,Bryan Adams,All songs,bryan_adams__All_songs,bryan_adams,,1990
252,Bryan Adams - Everything i do i do it for you,Bryan Adams,Everything i do i do it for you,bryan_adams__Everything_i_do_i_do_it_for_you,bryan_adams,Everything_i_do_i_do_it_for_you,1990
253,Bryan Adams - Heaven,Bryan Adams,Heaven,bryan_adams__Heaven,bryan_adams,Heaven,1990
254,Bryan Adams - Brother under the sun,Bryan Adams,Brother under the sun,bryan_adams__Brother_under_the_sun,bryan_adams,Brother_under_the_sun,1990
255,Bryan Adams - Here i am,Bryan Adams,Here i am,bryan_adams__Here_i_am,bryan_adams,Here_i_am,1990
256,Backstreet Boys - All Songs,Backstreet Boys,All songs,backstreet_boys__All_songs,backstreet_boys,,1990
257,Backstreet Boys - I want it that way,Backstreet Boys,I want it that way,backstreet_boys__I_want_it_that_way,backstreet_boys,I_want_it_that_way,1990
258,Backstreet Boys - I need you tonight,Backstreet Boys,I need you tonight,backstreet_boys__I_need_you_tonight,backstreet_boys,I_need_you_tonight,1990
259,Backstreet Boys - Everybody,Backstreet Boys,Everybody,backstreet_boys__Everybody,backstreet_boys,Everybody,1990
